id,alias,name,image_url,is_closed,url,review_count,categories,rating,coordinates,transactions,price,location,phone,display_phone,distance
vOkiTLs9MVLx6_jtIjT-GA,zorbas-pizza-millbrae,Zorba's Pizza,https://s3-media3.fl.yelpcdn.com/bphoto/wrIGM03CgOTVy7mzxJgm1A/o.jpg,False,https://www.yelp.com/biz/zorbas-pizza-millbrae?adjust_creative=pcYg-P8c8BaI_ztBwaTGmw&utm_campaign=yelp_api_v3&utm_medium=api_v3_business_search&utm_source=pcYg-P8c8BaI_ztBwaTGmw,510,"[{'alias': 'italian', 'title': 'Italian'}, {'alias': 'pizza', 'title': 'Pizza'}]",4.0,"{'latitude': 37.61148, 'longitude': -122.40303}","['pickup', 'delivery']",$$,"{'address1': '1567 El Camino Real', 'address2': '', 'address3': '', 'city': 'Millbrae', 'zip_code': '94030', 'country': 'US', 'state': 'CA', 'display_address': ['1567 El Camino Real', 'Millbrae, CA 94030']}",+16508751616,(650) 875-1616,1053.3723799988452
ItRA_StAZd9xxrQCozhW3A,jollibee-daly-city,Jollibee,https://s3-media1.fl.yelpcdn.com/bphoto/UgsPAlG7jcGYxQv8Q-2XMA/o.jpg,False,https://www.yelp.com/biz/jollibee-daly-city?adjust_creative=pcYg-P8c8BaI_ztBwaTGmw&utm_campaign=yelp_api_v3&utm_medium=api_v3_business_search&utm_source=pcYg-P8c8BaI_ztBwaTGmw,568,"[{'alias': 'filipino', 'title': 'Filipino'}, {'alias': 'chicken_wings', 'title': 'Chicken Wings'}, {'alias': 'sandwiches', 'title': 'Sandwiches'}]",2.5,"{'latitude': 37.697202624245, 'longitude': -122.46391843741}",['delivery'],$,"{'address1': '6955 Mission St', 'address2': '', 'address3': '', 'city': 'Daly City', 'zip_code': '94014', 'country': 'US', 'state': 'CA', 'display_address': ['6955 Mission St', 'Daly City, CA 94014']}",+16507554848,(650) 755-4848,11969.158200292251
GwbM9M3c_ZlFSDo7WTGeag,wingstop-millbrae,Wingstop,https://s3-media2.fl.yelpcdn.com/bphoto/bvWzlj3Yv6WeNOwKBpFLwQ/o.jpg,False,https://www.yelp.com/biz/wingstop-millbrae?adjust_creative=pcYg-P8c8BaI_ztBwaTGmw&utm_campaign=yelp_api_v3&utm_medium=api_v3_business_search&utm_source=pcYg-P8c8BaI_ztBwaTGmw,121,"[{'alias': 'chicken_wings', 'title': 'Chicken Wings'}]",3.5,"{'latitude': 37.606233315112, 'longitude': -122.398032626158}",[],$$,"{'address1': '1085 El Camino Real', 'address2': '', 'address3': '', 'city': 'Millbrae', 'zip_code': '94030', 'country': 'US', 'state': 'CA', 'display_address': ['1085 El Camino Real', 'Millbrae, CA 94030']}",+16506973300,(650) 697-3300,326.0382001841429
zHo0wp9hVdAj-AuZVjbD4Q,krispy-krunchy-chicken-daly-city,Krispy Krunchy Chicken,https://s3-media3.fl.yelpcdn.com/bphoto/SgAthVrNiKGV50OQMUkcTw/o.jpg,False,https://www.yelp.com/biz/krispy-krunchy-chicken-daly-city?adjust_creative=pcYg-P8c8BaI_ztBwaTGmw&utm_campaign=yelp_api_v3&utm_medium=api_v3_business_search&utm_source=pcYg-P8c8BaI_ztBwaTGmw,102,"[{'alias': 'hotdogs', 'title': 'Fast Food'}, {'alias': 'chicken_wings', 'title': 'Chicken Wings'}]",4.0,"{'latitude': 37.68315, 'longitude': -122.48991}",[],$$,"{'address1': '505 Skyline Dr', 'address2': '', 'address3': None, 'city': 'Daly City', 'zip_code': '94015', 'country': 'US', 'state': 'CA', 'display_address': ['505 Skyline Dr', 'Daly City, CA 94015']}",+16509922500,(650) 992-2500,12097.906778001216
5VdBW-nXKmZS1E6Dh5uMdQ,seniores-pizza-san-bruno-4,Seniore's Pizza,https://s3-media4.fl.yelpcdn.com/bphoto/r7M5LEWQVKxJ9qb7A0mScg/o.jpg,False,https://www.yelp.com/biz/seniores-pizza-san-bruno-4?adjust_creative=pcYg-P8c8BaI_ztBwaTGmw&utm_campaign=yelp_api_v3&utm_medium=api_v3_business_search&utm_source=pcYg-P8c8BaI_ztBwaTGmw,317,"[{'alias': 'pizza', 'title': 'Pizza'}]",3.5,"{'latitude': 37.627449, 'longitude': -122.416373}","['pickup', 'delivery']",$$,"{'address1': '730 Kains Ave', 'address2': '', 'address3': '', 'city': 'San Bruno', 'zip_code': '94066', 'country': 'US', 'state': 'CA', 'display_address': ['730 Kains Ave', 'San Bruno, CA 94066']}",+16509524100,(650) 952-4100,3175.9883765766904
zeAyrFZhpT2WUH6S92bmBA,totos-pizzeria-san-bruno,Toto's Pizzeria,https://s3-media4.fl.yelpcdn.com/bphoto/Gim5G0HGNz4sgPMijouJnQ/o.jpg,False,https://www.yelp.com/biz/totos-pizzeria-san-bruno?adjust_creative=pcYg-P8c8BaI_ztBwaTGmw&utm_campaign=yelp_api_v3&utm_medium=api_v3_business_search&utm_source=pcYg-P8c8BaI_ztBwaTGmw,897,"[{'alias': 'pizza', 'title': 'Pizza'}, {'alias': 'italian', 'title': 'Italian'}]",4.0,"{'latitude': 37.61385, 'longitude': -122.40434}",['delivery'],$$,"{'address1': '1690 El Camino Real', 'address2': '', 'address3': '', 'city': 'San Bruno', 'zip_code': '94066', 'country': 'US', 'state': 'CA', 'display_address': ['1690 El Camino Real', 'San Bruno, CA 94066']}",+16508738686,(650) 873-8686,1337.4279371941664
8kck3-K4zYKTJbJko0JlXQ,farmhouse-kitchen-thai-cuisine-san-francisco,Farmhouse Kitchen Thai Cuisine,https://s3-media1.fl.yelpcdn.com/bphoto/woO06sua7uMQNBf0wnjf8w/o.jpg,False,https://www.yelp.com/biz/farmhouse-kitchen-thai-cuisine-san-francisco?adjust_creative=pcYg-P8c8BaI_ztBwaTGmw&utm_campaign=yelp_api_v3&utm_medium=api_v3_business_search&utm_source=pcYg-P8c8BaI_ztBwaTGmw,2422,"[{'alias': 'thai', 'title': 'Thai'}, {'alias': 'comfortfood', 'title': 'Comfort Food'}]",4.0,"{'latitude': 37.76026094, 'longitude': -122.4112048}","['pickup', 'restaurant_reservation', 'delivery']",$$,"{'address1': '710 Florida St', 'address2': '', 'address3': '', 'city': 'San Francisco', 'zip_code': '94110', 'country': 'US', 'state': 'CA', 'display_address': ['710 Florida St', 'San Francisco, CA 94110']}",+14158142920,(415) 814-2920,17398.64001773638
UT3eod0jmPmT_Iwuz45Drg,porridge-and-things-millbrae,Porridge & Things,https://s3-media2.fl.yelpcdn.com/bphoto/aqx22VBc6tE45oLK1giXcQ/o.jpg,False,https://www.yelp.com/biz/porridge-and-things-millbrae?adjust_creative=pcYg-P8c8BaI_ztBwaTGmw&utm_campaign=yelp_api_v3&utm_medium=api_v3_business_search&utm_source=pcYg-P8c8BaI_ztBwaTGmw,29,"[{'alias': 'chinese', 'title': 'Chinese'}]",3.5,"{'latitude': 37.600076, 'longitude': -122.391195}","['pickup', 'delivery']",,"{'address1': '235 Broadway', 'address2': '', 'address3': None, 'city': 'Millbrae', 'zip_code': '94030', 'country': 'US', 'state': 'CA', 'display_address': ['235 Broadway', 'Millbrae, CA 94030']}",+16506922992,(650) 692-2992,587.69391632675
cIQu_DxZkmRA5gJNvrYoCA,yangon-burlingame-2,Yangon,https://s3-media2.fl.yelpcdn.com/bphoto/41sKlfnUHS6jfcB86fNcRg/o.jpg,False,https://www.yelp.com/biz/yangon-burlingame-2?adjust_creative=pcYg-P8c8BaI_ztBwaTGmw&utm_campaign=yelp_api_v3&utm_medium=api_v3_business_search&utm_source=pcYg-P8c8BaI_ztBwaTGmw,214,"[{'alias': 'chinese', 'title': 'Chinese'}, {'alias': 'burmese', 'title': 'Burmese'}]",4.5,"{'latitude': 37.58717, 'longitude': -122.36419}","['pickup', 'delivery']",$$,"{'address1': '1136 Broadway', 'address2': '', 'address3': '', 'city': 'Burlingame', 'zip_code': '94010', 'country': 'US', 'state': 'CA', 'display_address': ['1136 Broadway', 'Burlingame, CA 94010']}",+16503488848,(650) 348-8848,3340.344639237843
wk1R0R2atEs9w4jgeibWqg,rice-n-roll-pacifica,Rice N Roll,https://s3-media2.fl.yelpcdn.com/bphoto/cxGqmYmRvExL5A7Z1fW6HQ/o.jpg,False,https://www.yelp.com/biz/rice-n-roll-pacifica?adjust_creative=pcYg-P8c8BaI_ztBwaTGmw&utm_campaign=yelp_api_v3&utm_medium=api_v3_business_search&utm_source=pcYg-P8c8BaI_ztBwaTGmw,692,"[{'alias': 'chinese', 'title': 'Chinese'}, {'alias': 'vegetarian', 'title': 'Vegetarian'}]",3.5,"{'latitude': 37.6460435, 'longitude': -122.4716853}","['pickup', 'delivery']",$$,"{'address1': '683 Manor Dr', 'address2': None, 'address3': '', 'city': 'Pacifica', 'zip_code': '94044', 'country': 'US', 'state': 'CA', 'display_address': ['683 Manor Dr', 'Pacifica, CA 94044']}",+16507380218,(650) 738-0218,8192.898083194808
bTkqsphmEuYd8Ck7vovRkQ,bangkok-patio-san-mateo,Bangkok Patio,https://s3-media3.fl.yelpcdn.com/bphoto/dGkWAzpVXjK1PHALcWQEsQ/o.jpg,False,https://www.yelp.com/biz/bangkok-patio-san-mateo?adjust_creative=pcYg-P8c8BaI_ztBwaTGmw&utm_campaign=yelp_api_v3&utm_medium=api_v3_business_search&utm_source=pcYg-P8c8BaI_ztBwaTGmw,812,"[{'alias': 'thai', 'title': 'Thai'}]",4.0,"{'latitude': 37.56767, 'longitude': -122.31972}","['pickup', 'delivery']",$$,"{'address1': '615 E 3rd Ave', 'address2': 'Ste D', 'address3': '', 'city': 'San Mateo', 'zip_code': '94401', 'country': 'US', 'state': 'CA', 'display_address': ['615 E 3rd Ave', 'Ste D', 'San Mateo, CA 94401']}",+16505485489,(650) 548-5489,7808.14268397096
z3vreTWRWKBqUCJD4lxuDg,sweet-basil-thai-cuisine-foster-city,Sweet Basil Thai Cuisine,https://s3-media3.fl.yelpcdn.com/bphoto/qxeKX0UeRVu57apQ8loJOQ/o.jpg,False,https://www.yelp.com/biz/sweet-basil-thai-cuisine-foster-city?adjust_creative=pcYg-P8c8BaI_ztBwaTGmw&utm_campaign=yelp_api_v3&utm_medium=api_v3_business_search&utm_source=pcYg-P8c8BaI_ztBwaTGmw,1524,"[{'alias': 'thai', 'title': 'Thai'}, {'alias': 'seafood', 'title': 'Seafood'}, {'alias': 'soup', 'title': 'Soup'}]",4.0,"{'latitude': 37.5630527010733, 'longitude': -122.250368984649}","['pickup', 'delivery']",$$,"{'address1': '1473 Beach Park Blvd', 'address2': '', 'address3': '', 'city': 'Foster City', 'zip_code': '94404', 'country': 'US', 'state': 'CA', 'display_address': ['1473 Beach Park Blvd', 'Foster City, CA 94404']}",+16502125788,(650) 212-5788,13565.387786767209
v1A0oR_u7THCZ8IX-crIFg,verrazzano-pizza-half-moon-bay,Verrazzano Pizza,https://s3-media2.fl.yelpcdn.com/bphoto/t7tlsnO-eXzTENEZoxxStw/o.jpg,False,https://www.yelp.com/biz/verrazzano-pizza-half-moon-bay?adjust_creative=pcYg-P8c8BaI_ztBwaTGmw&utm_campaign=yelp_api_v3&utm_medium=api_v3_business_search&utm_source=pcYg-P8c8BaI_ztBwaTGmw,179,"[{'alias': 'pizza', 'title': 'Pizza'}]",4.0,"{'latitude': 37.4665, 'longitude': -122.4282}",[],$,"{'address1': '20 Stone Pine Rd', 'address2': 'Ste D', 'address3': '', 'city': 'Half Moon Bay', 'zip_code': '94019', 'country': 'US', 'state': 'CA', 'display_address': ['20 Stone Pine Rd', 'Ste D', 'Half Moon Bay, CA 94019']}",+16507269378,(650) 726-9378,15581.188252903907
0goz5_BBAc0hltKtxd4nkw,jersey-joes-coastside-hoagies-and-cheesesteaks-half-moon-bay,Jersey Joe's Coastside Hoagies and Cheesesteaks,https://s3-media4.fl.yelpcdn.com/bphoto/zBrsJS02LTTIFf_37hCtmQ/o.jpg,False,https://www.yelp.com/biz/jersey-joes-coastside-hoagies-and-cheesesteaks-half-moon-bay?adjust_creative=pcYg-P8c8BaI_ztBwaTGmw&utm_campaign=yelp_api_v3&utm_medium=api_v3_business_search&utm_source=pcYg-P8c8BaI_ztBwaTGmw,254,"[{'alias': 'cheesesteaks', 'title': 'Cheesesteaks'}, {'alias': 'burgers', 'title': 'Burgers'}, {'alias': 'hotdogs', 'title': 'Fast Food'}]",4.0,"{'latitude': 37.4667916, 'longitude': -122.4279661}",[],$$,"{'address1': '40 Stone Pine Rd', 'address2': '', 'address3': '', 'city': 'Half Moon Bay', 'zip_code': '94019', 'country': 'US', 'state': 'CA', 'display_address': ['40 Stone Pine Rd', 'Half Moon Bay, CA 94019']}",+16507264043,(650) 726-4043,15560.148933399298
MpwQAOTvW4MLE_smNHZxxw,earl-spicy-millbrae-4,Earl Spicy,https://s3-media2.fl.yelpcdn.com/bphoto/DDFV8yBw4dXjnFOxp-nLIA/o.jpg,False,https://www.yelp.com/biz/earl-spicy-millbrae-4?adjust_creative=pcYg-P8c8BaI_ztBwaTGmw&utm_campaign=yelp_api_v3&utm_medium=api_v3_business_search&utm_source=pcYg-P8c8BaI_ztBwaTGmw,236,"[{'alias': 'szechuan', 'title': 'Szechuan'}, {'alias': 'hotpot', 'title': 'Hot Pot'}]",4.5,"{'latitude': 37.61414, 'longitude': -122.40569}","['pickup', 'delivery', 'restaurant_reservation']",$$,"{'address1': '1711 El Camino Real', 'address2': None, 'address3': '', 'city': 'Millbrae', 'zip_code': '94030', 'country': 'US', 'state': 'CA', 'display_address': ['1711 El Camino Real', 'Millbrae, CA 94030']}",+16508696222,(650) 869-6222,1416.3457566881316
aqTV1OMiviDay_JUl5nnqg,hu-bei-restaurant-millbrae-2,Hu Bei Restaurant,https://s3-media4.fl.yelpcdn.com/bphoto/5PRZSSm9SjJ0GflLTizI-g/o.jpg,False,https://www.yelp.com/biz/hu-bei-restaurant-millbrae-2?adjust_creative=pcYg-P8c8BaI_ztBwaTGmw&utm_campaign=yelp_api_v3&utm_medium=api_v3_business_search&utm_source=pcYg-P8c8BaI_ztBwaTGmw,139,"[{'alias': 'chinese', 'title': 'Chinese'}]",4.0,"{'latitude': 37.60607, 'longitude': -122.397736666667}","['pickup', 'restaurant_reservation', 'delivery']",$$,"{'address1': '1055 El Camino Real', 'address2': '', 'address3': None, 'city': 'Millbrae', 'zip_code': '94030', 'country': 'US', 'state': 'CA', 'display_address': ['1055 El Camino Real', 'Millbrae, CA 94030']}",+16506928858,(650) 692-8858,294.481740476051
Ws0RhWUoZcbvqD--Qrp57w,e-plus-restaurant-south-san-francisco-3,E Plus Restaurant,https://s3-media2.fl.yelpcdn.com/bphoto/KwTW4kjz1Yec5WUA0B_oyQ/o.jpg,False,https://www.yelp.com/biz/e-plus-restaurant-south-san-francisco-3?adjust_creative=pcYg-P8c8BaI_ztBwaTGmw&utm_campaign=yelp_api_v3&utm_medium=api_v3_business_search&utm_source=pcYg-P8c8BaI_ztBwaTGmw,20,"[{'alias': 'hkcafe', 'title': 'Hong Kong Style Cafe'}, {'alias': 'asianfusion', 'title': 'Asian Fusion'}, {'alias': 'chinese', 'title': 'Chinese'}]",4.5,"{'latitude': 37.640065340884, 'longitude': -122.402071736771}",[],,"{'address1': '490 A S Airport Blvd', 'address2': 'Ste A', 'address3': '', 'city': 'South San Francisco', 'zip_code': '94080', 'country': 'US', 'state': 'CA', 'display_address': ['490 A S Airport Blvd', 'Ste A', 'South San Francisco, CA 94080']}",+16508716688,(650) 871-6688,4021.9080693415863
zsBCkBlCp-anXtyC5NcNTg,boiling-beijing-san-bruno-5,Boiling BeiJing,https://s3-media2.fl.yelpcdn.com/bphoto/UgsMngV5b23eSXvp5Gbi0A/o.jpg,False,https://www.yelp.com/biz/boiling-beijing-san-bruno-5?adjust_creative=pcYg-P8c8BaI_ztBwaTGmw&utm_campaign=yelp_api_v3&utm_medium=api_v3_business_search&utm_source=pcYg-P8c8BaI_ztBwaTGmw,528,"[{'alias': 'chinese', 'title': 'Chinese'}, {'alias': 'hotpot', 'title': 'Hot Pot'}, {'alias': 'karaoke', 'title': 'Karaoke'}]",4.0,"{'latitude': 37.62741, 'longitude': -122.41154}","['pickup', 'delivery']",$$,"{'address1': '649 San Mateo Ave', 'address2': '', 'address3': '', 'city': 'San Bruno', 'zip_code': '94066', 'country': 'US', 'state': 'CA', 'display_address': ['649 San Mateo Ave', 'San Bruno, CA 94066']}",+16509523388,(650) 952-3388,2946.3659002760137
ipRRZSqN3TIpWGKFopFurQ,mountain-mikes-pizza-belmont-3,Mountain Mike's Pizza,https://s3-media1.fl.yelpcdn.com/bphoto/GGR74Rm7sNKMS6gt9Q8sEA/o.jpg,False,https://www.yelp.com/biz/mountain-mikes-pizza-belmont-3?adjust_creative=pcYg-P8c8BaI_ztBwaTGmw&utm_campaign=yelp_api_v3&utm_medium=api_v3_business_search&utm_source=pcYg-P8c8BaI_ztBwaTGmw,81,"[{'alias': 'pizza', 'title': 'Pizza'}]",3.5,"{'latitude': 37.526978, 'longitude': -122.284619}","['pickup', 'delivery']",,"{'address1': '390 El Camino Real', 'address2': '', 'address3': None, 'city': 'Belmont', 'zip_code': '94002', 'country': 'US', 'state': 'CA', 'display_address': ['390 El Camino Real', 'Belmont, CA 94002']}",+16505081100,(650) 508-1100,13000.105828350786
Q7qcVCXOi3iIgdD62Lfxjg,oceanic-restaurant-san-mateo,Oceanic Restaurant,https://s3-media1.fl.yelpcdn.com/bphoto/Wb2IDNEHn9kQekh7MFyveg/o.jpg,False,https://www.yelp.com/biz/oceanic-restaurant-san-mateo?adjust_creative=pcYg-P8c8BaI_ztBwaTGmw&utm_campaign=yelp_api_v3&utm_medium=api_v3_business_search&utm_source=pcYg-P8c8BaI_ztBwaTGmw,724,"[{'alias': 'chinese', 'title': 'Chinese'}]",4.0,"{'latitude': 37.54436, 'longitude': -122.30509}","['pickup', 'delivery']",$$,"{'address1': '2507 S El Camino Real', 'address2': None, 'address3': '', 'city': 'San Mateo', 'zip_code': '94403', 'country': 'US', 'state': 'CA', 'display_address': ['2507 S El Camino Real', 'San Mateo, CA 94403']}",+16505704234,(650) 570-4234,10368.549052993967
PZCyRDzgDnWazgpyfKRIpQ,stick-and-steam-millbrae-4,Stick & Steam,https://s3-media4.fl.yelpcdn.com/bphoto/CyEi6d4U1oE6W085fYmF-Q/o.jpg,False,https://www.yelp.com/biz/stick-and-steam-millbrae-4?adjust_creative=pcYg-P8c8BaI_ztBwaTGmw&utm_campaign=yelp_api_v3&utm_medium=api_v3_business_search&utm_source=pcYg-P8c8BaI_ztBwaTGmw,275,"[{'alias': 'chinese', 'title': 'Chinese'}, {'alias': 'tapasmallplates', 'title': 'Tapas/Small Plates'}, {'alias': 'noodles', 'title': 'Noodles'}]",4.0,"{'latitude': 37.60033, 'longitude': -122.38266}","['delivery', 'restaurant_reservation']",$$,"{'address1': '350 Adrian Rd', 'address2': None, 'address3': '', 'city': 'Millbrae', 'zip_code': '94030', 'country': 'US', 'state': 'CA', 'display_address': ['350 Adrian Rd', 'Millbrae, CA 94030']}",+16502399240,(650) 239-9240,1266.024626366317
J_SGhSXYrBNRoeqQ-PHBLQ,new-york-pizza-san-mateo-san-mateo-3,New York Pizza - San Mateo,https://s3-media3.fl.yelpcdn.com/bphoto/lmIKWnYs3pjYvF_SLruB7A/o.jpg,False,https://www.yelp.com/biz/new-york-pizza-san-mateo-san-mateo-3?adjust_creative=pcYg-P8c8BaI_ztBwaTGmw&utm_campaign=yelp_api_v3&utm_medium=api_v3_business_search&utm_source=pcYg-P8c8BaI_ztBwaTGmw,259,"[{'alias': 'pizza', 'title': 'Pizza'}, {'alias': 'sandwiches', 'title': 'Sandwiches'}, {'alias': 'pastashops', 'title': 'Pasta Shops'}]",3.5,"{'latitude': 37.5661123, 'longitude': -122.3228624}","['pickup', 'delivery']",$$,"{'address1': '219 S B St', 'address2': '', 'address3': '', 'city': 'San Mateo', 'zip_code': '94401', 'country': 'US', 'state': 'CA', 'display_address': ['219 S B St', 'San Mateo, CA 94401']}",+16503443444,(650) 344-3444,7658.82227394265
GyGNciKqyJ3ELHmw9jMeRA,souvla-san-francisco-7,Souvla,https://s3-media2.fl.yelpcdn.com/bphoto/5XtbbT-rYEPZwiU_K9bVug/o.jpg,False,https://www.yelp.com/biz/souvla-san-francisco-7?adjust_creative=pcYg-P8c8BaI_ztBwaTGmw&utm_campaign=yelp_api_v3&utm_medium=api_v3_business_search&utm_source=pcYg-P8c8BaI_ztBwaTGmw,358,"[{'alias': 'greek', 'title': 'Greek'}, {'alias': 'mediterranean', 'title': 'Mediterranean'}]",4.0,"{'latitude': 37.7607842534781, 'longitude': -122.4215246737}",['delivery'],$$,"{'address1': '758 Valencia St', 'address2': '', 'address3': None, 'city': 'San Francisco', 'zip_code': '94110', 'country': 'US', 'state': 'CA', 'display_address': ['758 Valencia St', 'San Francisco, CA 94110']}",+14154005458,(415) 400-5458,17553.04650342815
g_gy1fjv7XV7NEWNN3sQjw,the-halal-guys-san-mateo-3,The Halal Guys,https://s3-media2.fl.yelpcdn.com/bphoto/LzkjfOKQMjmHSdpaIfWxlQ/o.jpg,False,https://www.yelp.com/biz/the-halal-guys-san-mateo-3?adjust_creative=pcYg-P8c8BaI_ztBwaTGmw&utm_campaign=yelp_api_v3&utm_medium=api_v3_business_search&utm_source=pcYg-P8c8BaI_ztBwaTGmw,137,"[{'alias': 'halal', 'title': 'Halal'}, {'alias': 'mideastern', 'title': 'Middle Eastern'}, {'alias': 'mediterranean', 'title': 'Mediterranean'}]",3.0,"{'latitude': 37.565307, 'longitude': -122.322978}",[],$$,"{'address1': '213 3rd Ave', 'address2': '', 'address3': None, 'city': 'San Mateo', 'zip_code': '94401', 'country': 'US', 'state': 'CA', 'display_address': ['213 3rd Ave', 'San Mateo, CA 94401']}",+16507813745,(650) 781-3745,7704.242244697905
hFnZLTDy-nEJmpamEHZfLQ,sugandh-indian-restaurant-and-bar-millbrae,Sugandh Indian Restaurant & Bar,https://s3-media2.fl.yelpcdn.com/bphoto/30hzNtCuk87EfFge-j-L8Q/o.jpg,False,https://www.yelp.com/biz/sugandh-indian-restaurant-and-bar-millbrae?adjust_creative=pcYg-P8c8BaI_ztBwaTGmw&utm_campaign=yelp_api_v3&utm_medium=api_v3_business_search&utm_source=pcYg-P8c8BaI_ztBwaTGmw,268,"[{'alias': 'indpak', 'title': 'Indian'}, {'alias': 'himalayan', 'title': 'Himalayan/Nepalese'}, {'alias': 'lounges', 'title': 'Lounges'}]",4.5,"{'latitude': 37.6009834, 'longitude': -122.3921605}","['pickup', 'delivery']",$$,"{'address1': '333 Broadway', 'address2': '', 'address3': '', 'city': 'Millbrae', 'zip_code': '94030', 'country': 'US', 'state': 'CA', 'display_address': ['333 Broadway', 'Millbrae, CA 94030']}",+16507770907,(650) 777-0907,449.7670298986771
AlBHFMLBvc-1N_Ovexr5xQ,young-can-wok-burlingame,Young Can Wok,https://s3-media2.fl.yelpcdn.com/bphoto/13TZQGhuQwLufMpHGidPrQ/o.jpg,False,https://www.yelp.com/biz/young-can-wok-burlingame?adjust_creative=pcYg-P8c8BaI_ztBwaTGmw&utm_campaign=yelp_api_v3&utm_medium=api_v3_business_search&utm_source=pcYg-P8c8BaI_ztBwaTGmw,280,"[{'alias': 'chinese', 'title': 'Chinese'}]",4.0,"{'latitude': 37.5862352998605, 'longitude': -122.364845328634}","['pickup', 'delivery']",$$,"{'address1': '1200 Broadway', 'address2': '', 'address3': '', 'city': 'Burlingame', 'zip_code': '94010', 'country': 'US', 'state': 'CA', 'display_address': ['1200 Broadway', 'Burlingame, CA 94010']}",+16503433322,(650) 343-3322,3348.2262290699414
8JRsLynNnAZ-698Z2d20UA,thai-stick-millbrae,Thai Stick,https://s3-media4.fl.yelpcdn.com/bphoto/twCInfpVQ5y8l2hJTJrFqQ/o.jpg,False,https://www.yelp.com/biz/thai-stick-millbrae?adjust_creative=pcYg-P8c8BaI_ztBwaTGmw&utm_campaign=yelp_api_v3&utm_medium=api_v3_business_search&utm_source=pcYg-P8c8BaI_ztBwaTGmw,620,"[{'alias': 'thai', 'title': 'Thai'}]",3.0,"{'latitude': 37.6013, 'longitude': -122.39127}","['pickup', 'delivery']",$$,"{'address1': '301 El Camino Real', 'address2': '', 'address3': '', 'city': 'Millbrae', 'zip_code': '94030', 'country': 'US', 'state': 'CA', 'display_address': ['301 El Camino Real', 'Millbrae, CA 94030']}",+16506920414,(650) 692-0414,485.8576675983295
6Ybsq0oIPb1vz5czq0_y7w,fire-wings-san-mateo,Fire Wings,https://s3-media2.fl.yelpcdn.com/bphoto/SI6zKHUimV4s3PPtL54kAA/o.jpg,False,https://www.yelp.com/biz/fire-wings-san-mateo?adjust_creative=pcYg-P8c8BaI_ztBwaTGmw&utm_campaign=yelp_api_v3&utm_medium=api_v3_business_search&utm_source=pcYg-P8c8BaI_ztBwaTGmw,427,"[{'alias': 'chicken_wings', 'title': 'Chicken Wings'}]",4.0,"{'latitude': 37.5660924084269, 'longitude': -122.323132167247}",['delivery'],$$,"{'address1': '206 S B St', 'address2': '', 'address3': None, 'city': 'San Mateo', 'zip_code': '94401', 'country': 'US', 'state': 'CA', 'display_address': ['206 S B St', 'San Mateo, CA 94401']}",+16503725263,(650) 372-5263,7642.330438145748
DUqOF3buBOkGcxypxNUhXQ,india-beach-restaurant-el-granada,India Beach Restaurant,https://s3-media3.fl.yelpcdn.com/bphoto/V5-lrRB0vz59L11ruYQV8w/o.jpg,False,https://www.yelp.com/biz/india-beach-restaurant-el-granada?adjust_creative=pcYg-P8c8BaI_ztBwaTGmw&utm_campaign=yelp_api_v3&utm_medium=api_v3_business_search&utm_source=pcYg-P8c8BaI_ztBwaTGmw,256,"[{'alias': 'indpak', 'title': 'Indian'}, {'alias': 'vegan', 'title': 'Vegan'}, {'alias': 'vegetarian', 'title': 'Vegetarian'}]",4.0,"{'latitude': 37.50426, 'longitude': -122.4765}","['pickup', 'delivery']",$$,"{'address1': '425 Ave Alhambra', 'address2': None, 'address3': '', 'city': 'El Granada', 'zip_code': '94019', 'country': 'US', 'state': 'CA', 'display_address': ['425 Ave Alhambra', 'El Granada, CA 94019']}",+16507127700,(650) 712-7700,13227.896476839498
AHIUZPf70qQnv4WgQG-lhQ,dominos-pizza-san-mateo,Domino's Pizza,https://s3-media2.fl.yelpcdn.com/bphoto/Mlsb5mSfybHBYBBQGOUAFw/o.jpg,False,https://www.yelp.com/biz/dominos-pizza-san-mateo?adjust_creative=pcYg-P8c8BaI_ztBwaTGmw&utm_campaign=yelp_api_v3&utm_medium=api_v3_business_search&utm_source=pcYg-P8c8BaI_ztBwaTGmw,117,"[{'alias': 'pizza', 'title': 'Pizza'}, {'alias': 'chicken_wings', 'title': 'Chicken Wings'}, {'alias': 'sandwiches', 'title': 'Sandwiches'}]",2.0,"{'latitude': 37.56413, 'longitude': -122.32294}",[],$,"{'address1': '169 E 4th Ave', 'address2': '', 'address3': '', 'city': 'San Mateo', 'zip_code': '94401', 'country': 'US', 'state': 'CA', 'display_address': ['169 E 4th Ave', 'San Mateo, CA 94401']}",+16503443030,(650) 344-3030,7781.488137279735
xyep0zfjLgmNvaxxOvOfag,golden-boy-pizza-san-mateo,Golden Boy Pizza,https://s3-media1.fl.yelpcdn.com/bphoto/LrWerbqpISs7s9ir_Con_A/o.jpg,False,https://www.yelp.com/biz/golden-boy-pizza-san-mateo?adjust_creative=pcYg-P8c8BaI_ztBwaTGmw&utm_campaign=yelp_api_v3&utm_medium=api_v3_business_search&utm_source=pcYg-P8c8BaI_ztBwaTGmw,146,"[{'alias': 'pizza', 'title': 'Pizza'}]",4.0,"{'latitude': 37.58626, 'longitude': -122.3334}",['delivery'],$$,"{'address1': '1119 N Amphlett Blvd', 'address2': '', 'address3': '', 'city': 'San Mateo', 'zip_code': '94401', 'country': 'US', 'state': 'CA', 'display_address': ['1119 N Amphlett Blvd', 'San Mateo, CA 94401']}",+16503152988,(650) 315-2988,5807.451874754225
lgD2BDiMtW3UhM6rk3IUNw,chicken-as-cluck-san-francisco,Chicken as Cluck,https://s3-media2.fl.yelpcdn.com/bphoto/lzHGEUlhlRCxWJD7LacVEg/o.jpg,False,https://www.yelp.com/biz/chicken-as-cluck-san-francisco?adjust_creative=pcYg-P8c8BaI_ztBwaTGmw&utm_campaign=yelp_api_v3&utm_medium=api_v3_business_search&utm_source=pcYg-P8c8BaI_ztBwaTGmw,66,"[{'alias': 'chickenshop', 'title': 'Chicken Shop'}, {'alias': 'fooddeliveryservices', 'title': 'Food Delivery Services'}, {'alias': 'catering', 'title': 'Caterers'}]",4.5,"{'latitude': 37.750541, 'longitude': -122.395028}","['pickup', 'delivery']",$$,"{'address1': '1760 Cesar Chavez St', 'address2': None, 'address3': None, 'city': 'San Francisco', 'zip_code': '94124', 'country': 'US', 'state': 'CA', 'display_address': ['1760 Cesar Chavez St', 'San Francisco, CA 94124']}",+14156700428,(415) 670-0428,16252.759445723728
ntFEYGvjZRARcjyhV5Tj1w,wonderful-millbrae-2,wonderful,https://s3-media4.fl.yelpcdn.com/bphoto/LINyhUlzTooXhH1Zt8xWRw/o.jpg,False,https://www.yelp.com/biz/wonderful-millbrae-2?adjust_creative=pcYg-P8c8BaI_ztBwaTGmw&utm_campaign=yelp_api_v3&utm_medium=api_v3_business_search&utm_source=pcYg-P8c8BaI_ztBwaTGmw,698,"[{'alias': 'chinese', 'title': 'Chinese'}]",4.0,"{'latitude': 37.6006971644202, 'longitude': -122.391315776092}",['delivery'],$$,"{'address1': '270 Broadway', 'address2': None, 'address3': '', 'city': 'Millbrae', 'zip_code': '94030', 'country': 'US', 'state': 'CA', 'display_address': ['270 Broadway', 'Millbrae, CA 94030']}",+16506518888,(650) 651-8888,529.7631890148721
suKBH6LuOJLn5mYfJjAeAw,chef-wang-restaurant-millbrae,Chef Wang Restaurant,https://s3-media2.fl.yelpcdn.com/bphoto/ADo6zxB-YH_euu4rkrtVgQ/o.jpg,False,https://www.yelp.com/biz/chef-wang-restaurant-millbrae?adjust_creative=pcYg-P8c8BaI_ztBwaTGmw&utm_campaign=yelp_api_v3&utm_medium=api_v3_business_search&utm_source=pcYg-P8c8BaI_ztBwaTGmw,199,"[{'alias': 'chinese', 'title': 'Chinese'}]",3.5,"{'latitude': 37.6093501800879, 'longitude': -122.400156150141}","['pickup', 'delivery']",$,"{'address1': '1320 El Camino Real', 'address2': '', 'address3': '', 'city': 'Millbrae', 'zip_code': '94030', 'country': 'US', 'state': 'CA', 'display_address': ['1320 El Camino Real', 'Millbrae, CA 94030']}",+16505883648,(650) 588-3648,708.5661128316336
KcI1xebr9XqeeZDdIKN8rw,tasty-place-millbrae-2,Tasty Place,https://s3-media4.fl.yelpcdn.com/bphoto/wDNIhRn0FB93xSDn3So4lg/o.jpg,False,https://www.yelp.com/biz/tasty-place-millbrae-2?adjust_creative=pcYg-P8c8BaI_ztBwaTGmw&utm_campaign=yelp_api_v3&utm_medium=api_v3_business_search&utm_source=pcYg-P8c8BaI_ztBwaTGmw,216,"[{'alias': 'chinese', 'title': 'Chinese'}]",4.0,"{'latitude': 37.612892, 'longitude': -122.404381}",['pickup'],$$,"{'address1': '1625 El Camino Real', 'address2': None, 'address3': '', 'city': 'Millbrae', 'zip_code': '94030', 'country': 'US', 'state': 'CA', 'display_address': ['1625 El Camino Real', 'Millbrae, CA 94030']}",+16508722338,(650) 872-2338,1247.460088794027
ObxYfb71k4YZO4JB9XUuVw,big-belly-deli-south-san-francisco,Big Belly Deli,https://s3-media3.fl.yelpcdn.com/bphoto/RU_PCwepKUox5tHY80egNw/o.jpg,False,https://www.yelp.com/biz/big-belly-deli-south-san-francisco?adjust_creative=pcYg-P8c8BaI_ztBwaTGmw&utm_campaign=yelp_api_v3&utm_medium=api_v3_business_search&utm_source=pcYg-P8c8BaI_ztBwaTGmw,462,"[{'alias': 'bagels', 'title': 'Bagels'}, {'alias': 'sandwiches', 'title': 'Sandwiches'}, {'alias': 'delis', 'title': 'Delis'}]",4.5,"{'latitude': 37.6546293793785, 'longitude': -122.408526959454}","['pickup', 'delivery']",$$,"{'address1': '115 Grand Ave', 'address2': '', 'address3': '', 'city': 'South San Francisco', 'zip_code': '94080', 'country': 'US', 'state': 'CA', 'display_address': ['115 Grand Ave', 'South San Francisco, CA 94080']}",+16505885695,(650) 588-5695,5717.070402660553
XhJ6ZYagcWNHpJ1H1KvNlQ,a-mano-san-francisco-2,a Mano,https://s3-media3.fl.yelpcdn.com/bphoto/GjQSWniH62CVoLGXu8QTgw/o.jpg,False,https://www.yelp.com/biz/a-mano-san-francisco-2?adjust_creative=pcYg-P8c8BaI_ztBwaTGmw&utm_campaign=yelp_api_v3&utm_medium=api_v3_business_search&utm_source=pcYg-P8c8BaI_ztBwaTGmw,894,"[{'alias': 'italian', 'title': 'Italian'}, {'alias': 'cocktailbars', 'title': 'Cocktail Bars'}, {'alias': 'pizza', 'title': 'Pizza'}]",4.0,"{'latitude': 37.776963880538, 'longitude': -122.423868469312}",['delivery'],$$,"{'address1': '450 Hayes St', 'address2': None, 'address3': '', 'city': 'San Francisco', 'zip_code': '94102', 'country': 'US', 'state': 'CA', 'display_address': ['450 Hayes St', 'San Francisco, CA 94102']}",+14155067401,(415) 506-7401,19363.62047756077
QUjNY3ekaWbcSx5fhE6DTg,dumpling-era-san-bruno,Dumpling Era,https://s3-media4.fl.yelpcdn.com/bphoto/Ng6PwdLnVF2xLRjapnZDkA/o.jpg,False,https://www.yelp.com/biz/dumpling-era-san-bruno?adjust_creative=pcYg-P8c8BaI_ztBwaTGmw&utm_campaign=yelp_api_v3&utm_medium=api_v3_business_search&utm_source=pcYg-P8c8BaI_ztBwaTGmw,164,"[{'alias': 'chinese', 'title': 'Chinese'}]",4.0,"{'latitude': 37.620472, 'longitude': -122.410489}","['pickup', 'delivery']",$$,"{'address1': '354 El Camino Real', 'address2': '', 'address3': None, 'city': 'San Bruno', 'zip_code': '94066', 'country': 'US', 'state': 'CA', 'display_address': ['354 El Camino Real', 'San Bruno, CA 94066']}",+16507379899,(650) 737-9899,2242.761835519572
nnV8CcM490Q0-SYNOzgxOA,spice-me-thai-cuisine-half-moon-bay,Spice Me Thai Cuisine,https://s3-media3.fl.yelpcdn.com/bphoto/tNpFVFuuGg94-xahVmgD2g/o.jpg,False,https://www.yelp.com/biz/spice-me-thai-cuisine-half-moon-bay?adjust_creative=pcYg-P8c8BaI_ztBwaTGmw&utm_campaign=yelp_api_v3&utm_medium=api_v3_business_search&utm_source=pcYg-P8c8BaI_ztBwaTGmw,247,"[{'alias': 'thai', 'title': 'Thai'}]",4.0,"{'latitude': 37.463587, 'longitude': -122.430476}",[],$$,"{'address1': '500 Purissima St', 'address2': 'Unit C', 'address3': '', 'city': 'Half Moon Bay', 'zip_code': '94019', 'country': 'US', 'state': 'CA', 'display_address': ['500 Purissima St', 'Unit C', 'Half Moon Bay, CA 94019']}",+16505600076,(650) 560-0076,15952.068618248233
79wqHt3w3exi-9M8R-ZsQA,yummy-szechuan-millbrae-2,Yummy Szechuan,https://s3-media2.fl.yelpcdn.com/bphoto/wPY7mGIJW5on7cy3X9oCbw/o.jpg,False,https://www.yelp.com/biz/yummy-szechuan-millbrae-2?adjust_creative=pcYg-P8c8BaI_ztBwaTGmw&utm_campaign=yelp_api_v3&utm_medium=api_v3_business_search&utm_source=pcYg-P8c8BaI_ztBwaTGmw,372,"[{'alias': 'szechuan', 'title': 'Szechuan'}]",4.0,"{'latitude': 37.61321, 'longitude': -122.40476}",['pickup'],$$,"{'address1': '1661 El Camino Real', 'address2': None, 'address3': '', 'city': 'Millbrae', 'zip_code': '94030', 'country': 'US', 'state': 'CA', 'display_address': ['1661 El Camino Real', 'Millbrae, CA 94030']}",+16506159648,(650) 615-9648,1295.2468871105332
khb_aeMvvTiw28f5wunqiw,noori-san-bruno-2,Noori,https://s3-media1.fl.yelpcdn.com/bphoto/wgfVrJ6XpaROcAb_ZMRfag/o.jpg,False,https://www.yelp.com/biz/noori-san-bruno-2?adjust_creative=pcYg-P8c8BaI_ztBwaTGmw&utm_campaign=yelp_api_v3&utm_medium=api_v3_business_search&utm_source=pcYg-P8c8BaI_ztBwaTGmw,508,"[{'alias': 'indpak', 'title': 'Indian'}, {'alias': 'pakistani', 'title': 'Pakistani'}, {'alias': 'halal', 'title': 'Halal'}]",4.0,"{'latitude': 37.6269618895026, 'longitude': -122.410967842031}","['pickup', 'delivery']",$$,"{'address1': '632 San Mateo Ave', 'address2': None, 'address3': '', 'city': 'San Bruno', 'zip_code': '94066', 'country': 'US', 'state': 'CA', 'display_address': ['632 San Mateo Ave', 'San Bruno, CA 94066']}",+16505894279,(650) 589-4279,2875.070318393395
ckGpAlPz-Y1SPCWIt_qbkQ,silver-lake-seafood-restaurant-san-mateo-2,Silver Lake Seafood Restaurant,https://s3-media1.fl.yelpcdn.com/bphoto/gNGJ6w5NiuiaW1hAlZHJKg/o.jpg,False,https://www.yelp.com/biz/silver-lake-seafood-restaurant-san-mateo-2?adjust_creative=pcYg-P8c8BaI_ztBwaTGmw&utm_campaign=yelp_api_v3&utm_medium=api_v3_business_search&utm_source=pcYg-P8c8BaI_ztBwaTGmw,180,"[{'alias': 'chinese', 'title': 'Chinese'}]",4.0,"{'latitude': 37.5459076, 'longitude': -122.3070401}",['pickup'],$$,"{'address1': '2291 S El Camino Real', 'address2': '', 'address3': '', 'city': 'San Mateo', 'zip_code': '94403', 'country': 'US', 'state': 'CA', 'display_address': ['2291 S El Camino Real', 'San Mateo, CA 94403']}",+16505781678,(650) 578-1678,10166.451932383461
DMfnZb0z8gFVWhXm9EqxlQ,spicy-factory-burlingame,Spicy Factory,https://s3-media2.fl.yelpcdn.com/bphoto/6H6Zk6ZOXzKAf253INmXHg/o.jpg,False,https://www.yelp.com/biz/spicy-factory-burlingame?adjust_creative=pcYg-P8c8BaI_ztBwaTGmw&utm_campaign=yelp_api_v3&utm_medium=api_v3_business_search&utm_source=pcYg-P8c8BaI_ztBwaTGmw,161,"[{'alias': 'korean', 'title': 'Korean'}, {'alias': 'chicken_wings', 'title': 'Chicken Wings'}]",4.0,"{'latitude': 37.59400833, 'longitude': -122.38422667}","['pickup', 'delivery']",$$,"{'address1': '1803A El Camino Real', 'address2': None, 'address3': '', 'city': 'Burlingame', 'zip_code': '94010', 'country': 'US', 'state': 'CA', 'display_address': ['1803A El Camino Real', 'Burlingame, CA 94010']}",+16502318288,(650) 231-8288,1488.4547209031339
UOForEkDjUF4tTB1ZBL5MA,burger-board-pacifica-2,Burger-Board,https://s3-media4.fl.yelpcdn.com/bphoto/36LsujvUSEvQDy1OhJCc0g/o.jpg,False,https://www.yelp.com/biz/burger-board-pacifica-2?adjust_creative=pcYg-P8c8BaI_ztBwaTGmw&utm_campaign=yelp_api_v3&utm_medium=api_v3_business_search&utm_source=pcYg-P8c8BaI_ztBwaTGmw,81,"[{'alias': 'hotdog', 'title': 'Hot Dogs'}, {'alias': 'burgers', 'title': 'Burgers'}, {'alias': 'chicken_wings', 'title': 'Chicken Wings'}]",3.5,"{'latitude': 37.5950627396878, 'longitude': -122.506073266268}",[],$$,"{'address1': '5430 CA-1', 'address2': '', 'address3': None, 'city': 'Pacifica', 'zip_code': '94044', 'country': 'US', 'state': 'CA', 'display_address': ['5430 CA-1', 'Pacifica, CA 94044']}",+16507359900,(650) 735-9900,9817.439558491858
9AczSWX37-qY3MYHHtJVtQ,davids-bagels-pacifica,David's Bagels,https://s3-media2.fl.yelpcdn.com/bphoto/JwG1D-npZvEDTKV_aFHufA/o.jpg,False,https://www.yelp.com/biz/davids-bagels-pacifica?adjust_creative=pcYg-P8c8BaI_ztBwaTGmw&utm_campaign=yelp_api_v3&utm_medium=api_v3_business_search&utm_source=pcYg-P8c8BaI_ztBwaTGmw,31,"[{'alias': 'fooddeliveryservices', 'title': 'Food Delivery Services'}]",5.0,"{'latitude': 37.6356048583984, 'longitude': -122.489135742188}",[],$,"{'address1': '', 'address2': '', 'address3': None, 'city': 'Pacifica', 'zip_code': '94044', 'country': 'US', 'state': 'CA', 'display_address': ['Pacifica, CA 94044']}",+14158472294,(415) 847-2294,7554.789096285244
Lr0ThGKRi6BxWCiry3Y4sw,blue-line-pizza-burlingame,Blue Line Pizza,https://s3-media2.fl.yelpcdn.com/bphoto/CLDdtb6eZe3I9BZYj7EUKQ/o.jpg,False,https://www.yelp.com/biz/blue-line-pizza-burlingame?adjust_creative=pcYg-P8c8BaI_ztBwaTGmw&utm_campaign=yelp_api_v3&utm_medium=api_v3_business_search&utm_source=pcYg-P8c8BaI_ztBwaTGmw,983,"[{'alias': 'pizza', 'title': 'Pizza'}, {'alias': 'salad', 'title': 'Salad'}, {'alias': 'gluten_free', 'title': 'Gluten-Free'}]",4.0,"{'latitude': 37.5797348, 'longitude': -122.3456497}",['delivery'],$$,"{'address1': '1108 Burlingame Ave', 'address2': None, 'address3': '', 'city': 'Burlingame', 'zip_code': '94010', 'country': 'US', 'state': 'CA', 'display_address': ['1108 Burlingame Ave', 'Burlingame, CA 94010']}",+16503751700,(650) 375-1700,5142.00696009714
ZtTU1nouWYzqGmIbxp53oQ,new-york-pizza-san-bruno,New York Pizza,https://s3-media1.fl.yelpcdn.com/bphoto/V1FcOkShyoJyEn7EHFH1LQ/o.jpg,False,https://www.yelp.com/biz/new-york-pizza-san-bruno?adjust_creative=pcYg-P8c8BaI_ztBwaTGmw&utm_campaign=yelp_api_v3&utm_medium=api_v3_business_search&utm_source=pcYg-P8c8BaI_ztBwaTGmw,160,"[{'alias': 'pizza', 'title': 'Pizza'}]",3.5,"{'latitude': 37.63071, 'longitude': -122.4065}","['pickup', 'delivery']",$$,"{'address1': '700 San Bruno E Ave', 'address2': '', 'address3': '', 'city': 'San Bruno', 'zip_code': '94066', 'country': 'US', 'state': 'CA', 'display_address': ['700 San Bruno E Ave', 'San Bruno, CA 94066']}",+16508769999,(650) 876-9999,3104.362096369609
eLBn0MwVKZkZ__M5DbH01A,royal-feast-millbrae,Royal Feast,https://s3-media3.fl.yelpcdn.com/bphoto/s_3T_x5yZ7YaEO1MnOOSQw/o.jpg,False,https://www.yelp.com/biz/royal-feast-millbrae?adjust_creative=pcYg-P8c8BaI_ztBwaTGmw&utm_campaign=yelp_api_v3&utm_medium=api_v3_business_search&utm_source=pcYg-P8c8BaI_ztBwaTGmw,169,"[{'alias': 'chinese', 'title': 'Chinese'}]",4.0,"{'latitude': 37.5998955745086, 'longitude': -122.388331949995}",['pickup'],$$,"{'address1': '148 El Camino Real', 'address2': '', 'address3': None, 'city': 'Millbrae', 'zip_code': '94030', 'country': 'US', 'state': 'CA', 'display_address': ['148 El Camino Real', 'Millbrae, CA 94030']}",+16506923388,(650) 692-3388,781.8404396228639
EQhq6_KfU-QhwrsDZXaykw,atlas-pizza-parlor-san-bruno-4,Atlas Pizza Parlor,https://s3-media1.fl.yelpcdn.com/bphoto/ws-2_xRvF4HtpPanpo9omQ/o.jpg,False,https://www.yelp.com/biz/atlas-pizza-parlor-san-bruno-4?adjust_creative=pcYg-P8c8BaI_ztBwaTGmw&utm_campaign=yelp_api_v3&utm_medium=api_v3_business_search&utm_source=pcYg-P8c8BaI_ztBwaTGmw,309,"[{'alias': 'chicken_wings', 'title': 'Chicken Wings'}, {'alias': 'pizza', 'title': 'Pizza'}, {'alias': 'indpak', 'title': 'Indian'}]",4.0,"{'latitude': 37.62715, 'longitude': -122.41161}","['pickup', 'delivery']",$$,"{'address1': '637 San Mateo Ave', 'address2': '', 'address3': None, 'city': 'San Bruno', 'zip_code': '94066', 'country': 'US', 'state': 'CA', 'display_address': ['637 San Mateo Ave', 'San Bruno, CA 94066']}",+16505885888,(650) 588-5888,2918.5531924501756
YBuogPzA3zFBjYsZSXb0YA,seniores-pizza-san-mateo,Seniore's Pizza,https://s3-media1.fl.yelpcdn.com/bphoto/R7LEgQh0Lohyhp4tTgouWg/o.jpg,False,https://www.yelp.com/biz/seniores-pizza-san-mateo?adjust_creative=pcYg-P8c8BaI_ztBwaTGmw&utm_campaign=yelp_api_v3&utm_medium=api_v3_business_search&utm_source=pcYg-P8c8BaI_ztBwaTGmw,276,"[{'alias': 'pizza', 'title': 'Pizza'}, {'alias': 'salad', 'title': 'Salad'}, {'alias': 'chicken_wings', 'title': 'Chicken Wings'}]",3.5,"{'latitude': 37.5461029498835, 'longitude': -122.307735602953}","['pickup', 'delivery']",$$,"{'address1': '2210 S El Camino Real', 'address2': '', 'address3': '', 'city': 'San Mateo', 'zip_code': '94403', 'country': 'US', 'state': 'CA', 'display_address': ['2210 S El Camino Real', 'San Mateo, CA 94403']}",+16505735400,(650) 573-5400,10067.692556568663
